year,rank,brand,value
2007,1,Coca-Cola,65324
2007,2,Microsoft,58709
2007,3,IBM,57090
2007,4,General Electric,51569
2007,5,Nokia,33696
2007,6,Toyota,32070
2007,7,Intel,30954
2007,8,McDonald's,29398
2007,9,Disney,29210
2007,10,Mercedes-Benz,23568
2007,11,Citigroup,23442
2007,12,HP,22197
2007,13,BMW,21612
2007,14,Marlboro,21282
2007,15,American Express,20827
2007,16,Gillette,20415
2007,17,Louis Vuitton,20321
2007,18,Cisco,19099
2007,19,Honda,17998
2007,20,Google,17837
2007,21,Berkshire Hathaway,16853
2007,22,Merrill Lynch,14343
2007,23,HSBC,13563
2007,24,Nescafé,12950
2007,25,Sony,12907
2007,26,Pepsi,12888
2007,27,Oracle,12448
2007,28,UPS,12013
2007,29,Nike,12003
2007,30,Budweiser,11652
2007,31,Dell EMC,11554
2007,32,J.P. Morgan,11433
2007,33,Apple,11037
2007,34,SAP,10850
2007,35,Goldman Sachs,10663
2007,36,Canon,10581
2007,37,Morgan Stanley,10340
2007,38,IKEA,10087
2007,39,UBS,9838
2007,40,Kellogg's,9341
2007,41,Ford,8982
2007,42,Philips,7741
2007,43,Siemens,7737
2007,44,Nintendo,7730
2007,45,Harley-Davidson,7718
2007,46,Gucci,7697
2007,47,AIG,7490
2007,48,eBay,7456
2007,49,ThyssenKrupp,7327
2007,50,Accenture,7296
2007,51,L'Oréal,7045
2007,52,MTV,6907
2007,53,Heinz,6544
2007,54,VW (Volkswagen),6511
2007,55,Yahoo!,6067
2007,56,Xerox,6050
2007,57,Colgate-Palmolive Company,6025
2007,58,Chanel,5830
2007,59,Wrigley,5777
2007,60,Kentucky Fried Chicken,5682
2007,61,GAP,5481
2007,62,Amazon,5411
2007,63,Nestlé,5314
2007,64,ZARA,5165
2007,65,AVON,5103
2007,66,Caterpillar,5059
2007,67,Danone,5019
2007,68,Audi,4866
2007,69,Adidas,4767
2007,70,Kleenex,4600
2007,71,Rolex,4589
2007,72,Hyundai ,4453
2007,73,Hermes Paris,4255
2007,74,Pizza Hut,4254
2007,75,Porsche,4235
2007,76,Thomson Reuters,4197
2007,77,Motorola,4149
2007,78,Panasonic,4135
2007,79,Tiffany & Co,4003
2007,80,Allianz,3957
2007,81,ING,3880
2007,82,Eastman Kodak,3874
2007,83,Cartier,3852
2007,84,BP,3794
2007,85,Moët et Chandon,3739
2007,86,Kraft Foods Group,3732
2007,87,Hennessy,3638
2007,88,Starbucks,3631
2007,89,Duracell,3605
2007,90,Johnson and Johnson,3445
2007,91,Smirnoff,3379
2007,92,Lexus,3354
2007,93,Shell,3331
2007,94,Prada,3286
2007,95,Burberry,3221
2007,96,Nivea,3116
2007,97,LG,3100
2007,98,Nissan,3072
2007,99,Ralph Lauren,3046
2007,100,Hertz,3026
2008,1,Coca-Cola,66667
2008,2,IBM,59031
2008,3,Microsoft,59007
2008,4,General Electric,53086
2008,5,Nokia,35942
2008,6,Toyota,34050
2008,7,Intel,31261
2008,8,McDonald's,31049
2008,9,Disney,29251
2008,10,Google,25590
2008,11,Mercedes-Benz,25577
2008,12,HP,23509
2008,13,BMW,23298
2008,14,Gillette,22689
2008,15,American Express,21940
2008,16,Louis Vuitton,21602
2008,17,Cisco,21306
2008,18,Marlboro,21300
2008,19,Citigroup,20174
2008,20,Honda,19079
2008,21,Berkshire Hathaway,17689
2008,22,H&M,13840
2008,23,Oracle,13831
2008,24,Apple,13724
2008,25,Sony,13583
2008,26,Pepsi,13249
2008,27,HSBC,13143
2008,28,Nescafé,13056
2008,29,Nike,12672
2008,30,UPS,12621
2008,31,SAP,12228
2008,32,Dell EMC,11695
2008,33,Budweiser,11438
2008,34,Merrill Lynch,11399
2008,35,IKEA,10913
2008,36,Canon,10876
2008,37,J.P. Morgan,10773
2008,38,Goldman Sachs,10331
2008,39,Kellogg's,9710
2008,40,Nintendo,8772
2008,41,UBS,8740
2008,42,Morgan Stanley,8696
2008,43,Philips,8325
2008,44,Thomson Reuters,8313
2008,45,Gucci,8254
2008,46,eBay,7991
2008,47,Accenture,7948
2008,48,Siemens,7943
2008,49,Ford,7896
2008,50,Harley-Davidson,7609
2008,51,L'Oréal,7508
2008,52,MTV,7193
2008,53,VW (Volkswagen),7047
2008,54,AIG,7022
2008,55,ThyssenKrupp,7001
2008,56,Heinz,6646
2008,57,Colgate-Palmolive Company,6437
2008,58,Amazon,6434
2008,59,Xerox,6393
2008,60,Chanel,6355
2008,61,Wrigley,6105
2008,62,ZARA,5955
2008,63,Nestlé,5592
2008,64,Kentucky Fried Chicken,5582
2008,65,Yahoo!,5496
2008,66,Danone,5408
2008,67,Audi,5407
2008,68,Caterpillar,5288
2008,69,AVON,5264
2008,70,Adidas,5072
2008,71,Rolex,4956
2008,72,Hyundai ,4846
2008,73,BlackBerry,4802
2008,74,Kleenex,4636
2008,75,Porsche,4603
2008,76,Hermes Paris,4575
2008,77,GAP,4357
2008,78,Panasonic,4281
2008,79,Cartier,4236
2008,80,Tiffany & Co,4208
2008,81,Pizza Hut,4097
2008,82,Allianz,4033
2008,83,Moët et Chandon,3951
2008,84,BP,3911
2008,85,Starbucks,3879
2008,86,ING,3768
2008,87,Motorola,3721
2008,88,Duracell,3682
2008,89,Smirnoff,3590
2008,90,Lexus,3588
2008,91,Prada,3585
2008,92,Johnson and Johnson,3582
2008,93,Ferrari,3527
2008,94,Giorgio Armani,3526
2008,95,Hennessy,3513
2008,96,Marriott International,3502
2008,97,Shell,3471
2008,98,Nivea,3401
2008,99,FedEx ,3359
2008,100,Visa,3338
2009,1,Coca-Cola,68734
2009,2,IBM,60211
2009,3,Microsoft,56647
2009,4,General Electric,47777
2009,5,Nokia,34864
2009,6,McDonald's,32275
2009,7,Google,31980
2009,8,Toyota,31330
2009,9,Intel,30636
2009,10,Disney,28447
2009,11,HP,24096
2009,12,Mercedes-Benz,23867
2009,13,Gillette,22841
2009,14,Cisco,22030
2009,15,BMW,21671
2009,16,Louis Vuitton,21120
2009,17,Marlboro,19010
2009,18,Honda,17803
2009,19,Samsung,17518
2009,20,Apple,15433
2009,21,H&M,15375
2009,22,American Express,14971
2009,23,Pepsi,13706
2009,24,Oracle,13699
2009,25,Nescafé,13317
2009,26,Nike,13179
2009,27,SAP,12106
2009,28,IKEA,12004
2009,29,Sony,11953
2009,30,Budweiser,11833
2009,31,UPS,11594
2009,32,HSBC,10510
2009,33,Canon,10441
2009,34,Kellogg's,10428
2009,35,Dell EMC,10291
2009,36,Citigroup,10254
2009,37,J.P. Morgan,9550
2009,38,Goldman Sachs,9248
2009,39,Nintendo,9210
2009,40,Thomson Reuters,8434
2009,41,Gucci,8182
2009,42,Philips,8121
2009,43,Amazon,7858
2009,44,L'Oréal,7748
2009,45,Accenture,7710
2009,46,eBay,7350
2009,47,Siemens,7308
2009,48,Heinz,7244
2009,49,Ford,7005
2009,50,ZARA,6789
2009,51,Wrigley,6731
2009,52,Colgate-Palmolive Company,6550
2009,53,AXA,6525
2009,54,MTV,6523
2009,55,VW (Volkswagen),6484
2009,56,Xerox,6431
2009,57,Morgan Stanley,6399
2009,58,Nestlé,6319
2009,59,Chanel,6040
2009,60,Danone,5960
2009,61,Kentucky Fried Chicken,5722
2009,62,Adidas,5397
2009,63,BlackBerry,5138
2009,64,Yahoo!,5111
2009,65,Audi,5010
2009,66,Caterpillar,5004
2009,67,AVON,4917
2009,68,Rolex,4609
2009,69,Hyundai ,4604
2009,70,Hermes Paris,4598
2009,71,Kleenex,4404
2009,72,UBS,4370
2009,73,Harley-Davidson,4337
2009,74,Porsche,4234
2009,75,Panasonic,4225
2009,76,Tiffany & Co,4000
2009,77,Cartier,3968
2009,78,GAP,3922
2009,79,Pizza Hut,3876
2009,80,Johnson and Johnson,3847
2009,81,Allianz,3831
2009,82,Moët et Chandon,3754
2009,83,BP,3716
2009,84,Smirnoff,3698
2009,85,Duracell,3563
2009,86,Nivea,3557
2009,87,Prada,3530
2009,88,Ferrari,3527
2009,89,Giorgio Armani,3303
2009,90,Starbucks,3263
2009,91,Lancôme,3235
2009,92,Shell,3228
2009,93,Burger King,3223
2009,94,Visa,3170
2009,95,Adobe,3161
2009,96,Lexus,3158
2009,97,Puma,3154
2009,98,Burberry,3095
2009,99,Ralph Lauren,3094
2009,100,Campbell's,3081
2010,1,Coca-Cola,70452
2010,2,IBM,64727
2010,3,Microsoft,60895
2010,4,Google,43557
2010,5,General Electric,42808
2010,6,McDonald's,33578
2010,7,Intel,32015
2010,8,Nokia,29495
2010,9,Disney,28731
2010,10,HP,26867
2010,11,Toyota,26192
2010,12,Mercedes-Benz,25179
2010,13,Gillette,23298
2010,14,Cisco,23219
2010,15,BMW,22322
2010,16,Louis Vuitton,21860
2010,17,Apple,21143
2010,18,Marlboro,19961
2010,19,Samsung,19491
2010,20,Honda,18506
2010,21,H&M,16136
2010,22,Oracle,14881
2010,23,Pepsi,14061
2010,24,American Express,13944
2010,25,Nike,13706
2010,26,SAP,12756
2010,27,Nescafé,12753
2010,28,IKEA,12487
2010,29,J.P. Morgan,12314
2010,30,Budweiser,12252
2010,31,UPS,11826
2010,32,HSBC,11561
2010,33,Canon,11485
2010,34,Sony,11356
2010,35,Kellogg's,11041
2010,36,Amazon,9665
2010,37,Goldman Sachs,9372
2010,38,Nintendo,8990
2010,39,Thomson Reuters,8976
2010,40,Citigroup,8887
2010,41,Dell EMC,8880
2010,42,Philips,8696
2010,43,eBay,8453
2010,44,Gucci,8346
2010,45,L'Oréal,7981
2010,46,Heinz,7534
2010,47,Accenture,7481
2010,48,ZARA,7468
2010,49,Siemens,7315
2010,50,Ford,7195
2010,51,Colgate-Palmolive Company,6919
2010,52,Morgan Stanley,6911
2010,53,VW (Volkswagen),6892
2010,54,BlackBerry,6762
2010,55,MTV,6719
2010,56,AXA,6694
2010,57,Nestlé,6548
2010,58,Danone,6363
2010,59,Xerox,6109
2010,60,Kentucky Fried Chicken,5844
2010,61,Sprite,5777
2010,62,Adidas,5495
2010,63,Audi,5461
2010,64,AVON,5072
2010,65,Hyundai ,5033
2010,66,Yahoo!,4958
2010,67,Allianz,4904
2010,68,Santander,4846
2010,69,Hermes Paris,4782
2010,70,Caterpillar,4704
2010,71,Kleenex,4536
2010,72,Porsche,4404
2010,73,Panasonic,4351
2010,74,Barclays,4218
2010,75,Johnson and Johnson,4155
2010,76,Tiffany & Co,4127
2010,77,Cartier,4052
2010,78,Jack Daniel's,4036
2010,79,Moët et Chandon,4021
2010,80,Credit Suisse,4010
2010,81,Shell,4003
2010,82,Visa,3998
2010,83,Pizza Hut,3973
2010,84,GAP,3961
2010,85,Corona,3847
2010,86,UBS,3812
2010,87,Nivea,3734
2010,88,Adobe,3626
2010,89,Smirnoff,3624
2010,90,3M,3586
2010,91,Ferrari,3562
2010,92,Johnnie Walker,3557
2010,93,Heineken,3516
2010,94,Zurich,3496
2010,95,Giorgio Armani,3443
2010,96,Lancôme,3403
2010,97,Starbucks,3339
2010,98,Harley-Davidson,3281
2010,99,Campbell's,3241
2010,100,Burberry,3110
2011,1,Coca-Cola,71861
2011,2,IBM,69905
2011,3,Microsoft,59087
2011,4,Google,55317
2011,5,General Electric,42808
2011,6,McDonald's,35593
2011,7,Intel,35217
2011,8,Apple,33492
2011,9,Disney,29018
2011,10,HP,28479
2011,11,Toyota,27764
2011,12,Mercedes-Benz,27445
2011,13,Cisco,25309
2011,14,Nokia,25071
2011,15,BMW,24554
2011,16,Gillette,23997
2011,17,Samsung,23430
2011,18,Louis Vuitton,23172
2011,19,Honda,19431
2011,20,Oracle,17262
2011,21,H&M,16459
2011,22,Pepsi,14590
2011,23,American Express,14572
2011,24,SAP,14542
2011,25,Nike,14528
2011,26,Amazon,12758
2011,27,UPS,12536
2011,28,J.P. Morgan,12437
2011,29,Budweiser,12252
2011,30,Nescafé,12115
2011,31,IKEA,11863
2011,32,HSBC,11792
2011,33,Canon,11715
2011,34,Kellogg's,11372
2011,35,Sony,9880
2011,36,eBay,9805
2011,37,Thomson Reuters,9515
2011,38,Goldman Sachs,9091
2011,39,Gucci,8763
2011,40,L'Oréal,8699
2011,41,Philips,8658
2011,42,Citigroup,8620
2011,43,Dell EMC,8347
2011,44,ZARA,8065
2011,45,Accenture,8005
2011,46,Siemens,7900
2011,47,VW (Volkswagen),7857
2011,48,Nintendo,7731
2011,49,Heinz,7609
2011,50,Ford,7483
2011,51,Colgate-Palmolive Company,7127
2011,52,Danone,6936
2011,53,AXA,6694
2011,54,Morgan Stanley,6634
2011,55,Nestlé,6613
2011,56,BlackBerry,6424
2011,57,Xerox,6414
2011,58,MTV,6383
2011,59,Audi,6171
2011,60,Adidas,6154
2011,61,Hyundai ,6005
2011,62,Kentucky Fried Chicken,5902
2011,63,Sprite,5604
2011,64,Caterpillar,5598
2011,65,AVON,5376
2011,66,Hermes Paris,5356
2011,67,Allianz,5345
2011,68,Santander,5088
2011,69,Panasonic,5047
2011,70,Cartier,4781
2011,71,Kleenex,4672
2011,72,Porsche,4580
2011,73,Tiffany & Co,4498
2011,74,Shell,4483
2011,75,Visa,4478
2011,76,Yahoo!,4413
2011,77,Moët et Chandon,4383
2011,78,Jack Daniel's,4319
2011,79,Barclays,4259
2011,80,Adobe,4170
2011,81,Pizza Hut,4092
2011,82,Credit Suisse,4090
2011,83,Johnson and Johnson,4072
2011,84,GAP,4040
2011,85,3M,3945
2011,86,Corona,3924
2011,87,Nivea,3883
2011,88,Johnnie Walker,3842
2011,89,Smirnoff,3841
2011,90,Nissan,3819
2011,91,Heineken,3809
2011,92,UBS,3799
2011,93,Giorgio Armani,3794
2011,94,Zurich,3769
2011,95,Burberry,3732
2011,96,Starbucks,3663
2011,97,Deere & Company,3651
2011,98,HTC,3605
2011,99,Ferrari,3591
2011,100,Harley-Davidson,3512
2012,1,Coca-Cola,77839
2012,2,Apple,76568
2012,3,IBM,75532
2012,4,Google,69726
2012,5,Microsoft,57853
2012,6,General Electric,43682
2012,7,McDonald's,40062
2012,8,Intel,39385
2012,9,Samsung,32893
2012,10,Toyota,30280
2012,11,Mercedes-Benz,30097
2012,12,BMW,29052
2012,13,Disney,27438
2012,14,Cisco,27197
2012,15,HP,26087
2012,16,Gillette,24898
2012,17,Louis Vuitton,23577
2012,18,Oracle,22126
2012,19,Nokia,21009
2012,20,Amazon,18625
2012,21,Honda,17280
2012,22,Pepsi,16594
2012,23,H&M,16571
2012,24,American Express,15702
2012,25,SAP,15641
2012,26,Nike,15126
2012,27,UPS,13088
2012,28,IKEA,12808
2012,29,Kellogg's,12068
2012,30,Canon,12029
2012,31,Budweiser,11872
2012,32,J.P. Morgan,11471
2012,33,HSBC,11378
2012,34,Pampers,11296
2012,35,Nescafé,11089
2012,36,eBay,10947
2012,37,ZARA,9488
2012,38,Gucci,9446
2012,39,VW (Volkswagen),9252
2012,40,Sony,9111
2012,41,Philips,9066
2012,42,L'Oréal,8821
2012,43,Accenture,8745
2012,44,Thomson Reuters,8444
2012,45,Ford,7958
2012,46,Heinz,7722
2012,47,Colgate-Palmolive Company,7643
2012,48,Goldman Sachs,7599
2012,49,Dell EMC,7591
2012,50,Citibank,7570
2012,51,Siemens,7534
2012,52,Danone,7498
2012,53,Hyundai ,7473
2012,54,Morgan Stanley,7218
2012,55,Audi,7196
2012,56,Nintendo,7082
2012,57,Nestlé,6916
2012,58,AXA,6748
2012,59,Xerox,6714
2012,60,Adidas,6699
2012,61,Caterpillar,6306
2012,62,Allianz,6184
2012,63,Hermes Paris,6182
2012,64,Kentucky Fried Chicken,5994
2012,65,Panasonic,5765
2012,66,Sprite,5709
2012,67,MTV,5648
2012,68,Cartier,5495
2012,69,Facebook,5421
2012,70,Tiffany & Co,5159
2012,71,AVON,5151
2012,72,Porsche,5149
2012,73,Nissan,4969
2012,74,Visa,4944
2012,75,Shell,4788
2012,76,Santander,4771
2012,77,3M,4656
2012,78,Adobe,4557
2012,79,Johnson and Johnson,4378
2012,80,Kleenex,4360
2012,81,Jack Daniel's,4352
2012,82,Burberry,4342
2012,83,Johnnie Walker,4301
2012,84,Prada,4271
2012,85,Deere & Company,4221
2012,86,Pizza Hut,4193
2012,87,KIA ,4089
2012,88,Starbucks,4062
2012,89,Corona,4061
2012,90,Smirnoff,4050
2012,91,Ralph Lauren,4038
2012,92,Heineken,3939
2012,93,BlackBerry,3922
2012,94,MasterCard,3896
2012,95,Credit Suisse,3866
2012,96,Harley-Davidson,3857
2012,97,Yahoo!,3851
2012,98,Moët et Chandon,3824
2012,99,Ferrari,3770
2012,100,GAP,3731
2013,1,Apple,98316
2013,2,Google,93291
2013,3,Coca-Cola,79213
2013,4,IBM,78808
2013,5,Microsoft,59546
2013,6,General Electric,46947
2013,7,McDonald's,41992
2013,8,Samsung,39610
2013,9,Intel,37257
2013,10,Toyota,35346
2013,11,Mercedes-Benz,31904
2013,12,BMW,31839
2013,13,Cisco,29053
2013,14,Disney,28147
2013,15,HP,25843
2013,16,Gillette,25105
2013,17,Louis Vuitton,24893
2013,18,Oracle,24088
2013,19,Amazon,23620
2013,20,Honda,18490
2013,21,H&M,18168
2013,22,Pepsi,17892
2013,23,American Express,17646
2013,24,Nike,17085
2013,25,SAP,16676
2013,26,IKEA,13818
2013,27,UPS,13763
2013,28,eBay,13162
2013,29,Pampers,13035
2013,30,Kellogg's,12987
2013,31,Budweiser,12614
2013,32,HSBC,12183
2013,33,J.P. Morgan,11456
2013,34,VW (Volkswagen),11120
2013,35,Canon,10989
2013,36,ZARA,10821
2013,37,Nescafé,10651
2013,38,Gucci,10151
2013,39,L'Oréal,9874
2013,40,Philips,9813
2013,41,Accenture,9741
2013,42,Ford,9181
2013,43,Hyundai ,9004
2013,44,Goldman Sachs,8536
2013,45,Siemens,8503
2013,46,Sony,8408
2013,47,Thomson Reuters,8103
2013,48,Citibank,7973
2013,49,Danone,7968
2013,50,Colgate,7833
2013,51,Audi,7767
2013,52,Facebook,7732
2013,53,Heinz,7648
2013,54,Hermes Paris,7616
2013,55,Adidas,7535
2013,56,Nestlé,7527
2013,57,Nokia,7444
2013,58,Caterpillar,7125
2013,59,AXA,7096
2013,60,Cartier,6897
2013,61,Dell EMC,6845
2013,62,Xerox,6779
2013,63,Allianz,6710
2013,64,Porsche,6471
2013,65,Nissan,6203
2013,66,Kentucky Fried Chicken,6192
2013,67,Nintendo,6086
2013,68,Panasonic,5821
2013,69,Sprite,5811
2013,70,Discovery Channel,5756
2013,71,Morgan Stanley,5724
2013,72,Prada,5570
2013,73,Shell,5535
2013,74,Visa,5465
2013,75,Tiffany & Co,5440
2013,76,3M,5413
2013,77,Burberry,5189
2013,78,MTV,4980
2013,79,Adobe,4899
2013,80,Deere & Company,4865
2013,81,Johnson and Johnson,4777
2013,82,Johnnie Walker,4745
2013,83,KIA ,4708
2013,84,Santander,4660
2013,85,Duracell,4645
2013,86,Jack Daniel's,4642
2013,87,AVON,4610
2013,88,Ralph Lauren,4584
2013,89,Chevrolet,4578
2013,90,Kleenex,4428
2013,91,Starbucks,4399
2013,92,Heineken,4331
2013,93,Corona,4276
2013,94,Pizza Hut,4269
2013,95,Smirnoff,4262
2013,96,Harley-Davidson,4230
2013,97,MasterCard,4206
2013,98,Ferrari,4013
2013,99,Moët et Chandon,3943
2013,100,GAP,3920
2014,1,Apple,118863
2014,2,Google,107439
2014,3,Coca-Cola,81563
2014,4,IBM,72244
2014,5,Microsoft,61154
2014,6,General Electric,45480
2014,7,Samsung,45462
2014,8,Toyota,42392
2014,9,McDonald's,42254
2014,10,Mercedes-Benz,34338
2014,11,BMW,34214
2014,12,Intel,34153
2014,13,Disney,32223
2014,14,Cisco,30936
2014,15,Amazon,29478
2014,16,Oracle,25980
2014,17,HP,23758
2014,18,Gillette,22845
2014,19,Louis Vuitton,22552
2014,20,Honda,21673
2014,21,H&M,21083
2014,22,Nike,19875
2014,23,American Express,19510
2014,24,Pepsi,19119
2014,25,SAP,17340
2014,26,IKEA,15885
2014,27,UPS,14470
2014,28,eBay,14358
2014,29,Facebook,14349
2014,30,Pampers,14078
2014,31,VW (Volkswagen),13716
2014,32,Kellogg's,13442
2014,33,HSBC,13142
2014,34,Budweiser,13024
2014,35,J.P. Morgan,12456
2014,36,ZARA,12126
2014,37,Canon,11702
2014,38,Nescafé,11406
2014,39,Ford,10876
2014,40,Hyundai ,10409
2014,41,Gucci,10385
2014,42,Philips,10264
2014,43,L'Oréal,10162
2014,44,Accenture,9882
2014,45,Audi,9831
2014,46,Hermes Paris,8977
2014,47,Goldman Sachs,8758
2014,48,Citibank,8737
2014,49,Siemens,8672
2014,50,Colgate,8215
2014,51,Danone,8205
2014,52,Sony,8133
2014,53,AXA,8120
2014,54,Nestlé,8000
2014,55,Allianz,7702
2014,56,Nissan,7623
2014,57,Thomson Reuters,7472
2014,58,Cartier,7449
2014,59,Adidas,7378
2014,60,Porsche,7171
2014,61,Caterpillar,6812
2014,62,Xerox,6641
2014,63,Morgan Stanley,6334
2014,64,Panasonic,6303
2014,65,Shell,6288
2014,66,3M,6177
2014,67,Discovery Channel,6143
2014,68,Kentucky Fried Chicken,6059
2014,69,Visa,5998
2014,70,Prada,5799
2014,71,Tiffany & Co,5936
2014,72,Sprite,5646
2014,73,Burberry,5594
2014,74,KIA ,5396
2014,75,Santander,5382
2014,76,Starbucks,5382
2014,77,Adobe,5333
2014,78,Johnson and Johnson,5194
2014,79,Deere & Company,5124
2014,80,MTV,5102
2014,81,DHL,5084
2014,82,Chevrolet,5036
2014,83,Ralph Lauren,4979
2014,84,Duracell,4935
2014,85,Jack Daniel's,4884
2014,86,Johnnie Walker,4842
2014,87,Harley-Davidson,4772
2014,88,MasterCard,4758
2014,89,Kleenex,4643
2014,90,Smirnoff,4609
2014,91,Land Rover,4473
2014,92,FedEx ,4414
2014,93,Corona,4387
2014,94,Huawei,4313
2014,95,Heineken,4221
2014,96,Pizza Hut,4196
2014,97,Hugo Boss,4143
2014,98,Nokia,4138
2014,99,GAP,4122
2014,100,Nintendo,4103
2015,1,Apple,170276
2015,2,Google,120314
2015,3,Coca-Cola,78423
2015,4,Microsoft,67670
2015,5,IBM,65095
2015,6,Toyota,49048
2015,7,Samsung,45297
2015,8,General Electric,42267
2015,9,McDonald's,39809
2015,10,Amazon,37948
2015,11,BMW,37212
2015,12,Mercedes-Benz,36711
2015,13,Disney,36514
2015,14,Intel,35415
2015,15,Cisco,29854
2015,16,Oracle,27283
2015,17,Nike,23070
2015,18,HP,23056
2015,19,Honda,22975
2015,20,Louis Vuitton,22250
2015,21,H&M,22222
2015,22,Gillette,22218
2015,23,Facebook,22029
2015,24,Pepsi,19622
2015,25,American Express,18922
2015,26,SAP,18768
2015,27,IKEA,16541
2015,28,Pampers,15267
2015,29,UPS,14723
2015,30,ZARA,14031
2015,31,Budweiser,13943
2015,32,eBay,13940
2015,33,J.P. Morgan,13749
2015,34,Kellogg's,12637
2015,35,VW (Volkswagen),12545
2015,36,Nescafé,12257
2015,37,HSBC,11656
2015,38,Ford,11578
2015,39,Hyundai ,11293
2015,40,Canon,11278
2015,41,Hermes Paris,10944
2015,42,Accenture,10800
2015,43,L'Oréal,10798
2015,44,Audi,10328
2015,45,Citibank,9784
2015,46,Goldman Sachs,9526
2015,47,Philips,9400
2015,48,AXA,9254
2015,49,Nissan,9082
2015,50,Gucci,8882
2015,51,Danone,8632
2015,52,Nestlé,8588
2015,53,Siemens,8553
2015,54,Allianz,8498
2015,55,Colgate,8464
2015,56,Porsche,8055
2015,57,Cartier,7924
2015,58,Sony,7702
2015,59,3M,7243
2015,60,Morgan Stanley,7083
2015,61,Visa,6870
2015,62,Adidas,6811
2015,63,Thomson Reuters,6583
2015,64,Discovery Channel,6509
2015,65,Panasonic,6436
2015,66,Tiffany & Co,6306
2015,67,Starbucks,6266
2015,68,Adobe,6257
2015,69,Prada,6222
2015,70,Santander,6097
2015,71,Xerox,6033
2015,72,Caterpillar,5976
2015,73,Burberry,5873
2015,74,KIA ,5666
2015,75,Kentucky Fried Chicken,5639
2015,76,MasterCard,5551
2015,77,Johnson and Johnson,5533
2015,78,Shell,5530
2015,79,Harley-Davidson,5460
2015,80,DHL,5391
2015,81,Sprite,5365
2015,82,Lego,5362
2015,83,Deere & Company,5208
2015,84,Jack Daniel's,5161
2015,85,Chevrolet,5133
2015,86,FedEx ,5130
2015,87,Land Rover,5109
2015,88,Huawei,4952
2015,89,Heineken,4822
2015,90,MTV,4763
2015,91,Ralph Lauren,4629
2015,92,Johnnie Walker,4540
2015,93,Corona,4456
2015,94,Smirnoff,4407
2015,95,Kleenex,4330
2015,96,Hugo Boss,4270
2015,97,PayPal,4251
2015,98,MINI,4243
2015,99,Moët et Chandon,4131
2015,100,Lenovo,4114
2016,1,Apple,178119
2016,2,Google,133252
2016,3,Coca-Cola,73102
2016,4,Microsoft,72795
2016,5,Toyota,53580
2016,6,IBM,52500
2016,7,Samsung,51808
2016,8,Amazon,50338
2016,9,Mercedes-Benz,43490
2016,10,General Electric,43130
2016,11,BMW,41535
2016,12,McDonald's,39381
2016,13,Disney,38790
2016,14,Intel,36952
2016,15,Facebook,32593
2016,16,Cisco,30948
2016,17,Oracle,26552
2016,18,Nike,25034
2016,19,Louis Vuitton,23998
2016,20,H&M,22681
2016,21,Honda,22106
2016,22,SAP,21293
2016,23,Pepsi,20265
2016,24,Gillette,19950
2016,25,American Express,18358
2016,26,IKEA,17834
2016,27,ZARA,16766
2016,28,Pampers,16134
2016,29,UPS,15333
2016,30,Budweiser,15099
2016,31,J.P. Morgan,14227
2016,32,eBay,13136
2016,33,Ford,12962
2016,34,Hermes Paris,12833
2016,35,Hyundai ,12547
2016,36,Nescafé,12517
2016,37,Accenture,12033
2016,38,Audi,11799
2016,39,Kellogg's,11711
2016,40,VW (Volkswagen),11436
2016,41,Philips,11336
2016,42,Canon,11081
2016,43,Nissan,11066
2016,44,Hewlett Packard Enterprise,11027
2016,45,L'Oréal,10930
2016,46,AXA,10579
2016,47,HSBC,10458
2016,48,HP,10386
2016,49,Citibank,10276
2016,50,Porsche,9537
2016,51,Allianz,9528
2016,52,Siemens,9415
2016,53,Gucci,9385
2016,54,Goldman Sachs,9378
2016,55,Danone,9197
2016,56,Nestlé,8708
2016,57,Colgate,8413
2016,58,Sony,8315
2016,59,3M,8199
2016,60,Adidas,7885
2016,61,Visa,7747
2016,62,Cartier,7738
2016,63,Adobe,7586
2016,64,Starbucks,7490
2016,65,Morgan Stanley,7200
2016,66,Thomson Reuters,6830
2016,67,Lego,6691
2016,68,Panasonic,6365
2016,69,KIA ,6326
2016,70,Santander,6223
2016,71,Discovery,5944
2016,72,Huawei,5835
2016,73,Johnson and Johnson,5790
2016,74,Tiffany & Co,5761
2016,75,Kentucky Fried Chicken,5742
2016,76,MasterCard,5736
2016,77,DHL,5708
2016,78,Land Rover,5696
2016,79,FedEx ,5579
2016,80,Harley-Davidson,5527
2016,81,Prada,5504
2016,82,Caterpillar,5425
2016,83,Burberry,5362
2016,84,Xerox,5290
2016,85,Jack Daniel's,5193
2016,86,Sprite,5148
2016,87,Heineken,5123
2016,88,MINI,4986
2016,89,Dior,4909
2016,90,PayPal,4839
2016,91,Deere & Company,4815
2016,92,Shell,4599
2016,93,Corona,4509
2016,94,MTV,4320
2016,95,Johnnie Walker,4317
2016,96,Smirnoff,4252
2016,97,Moët et Chandon,4118
2016,98,Ralph Lauren,4092
2016,99,Lenovo,4045
2016,100,Tesla,4011
2017,1,Apple,184154
2017,2,Google,141703
2017,3,Microsoft,79999
2017,4,Coca-Cola,69733
2017,5,Amazon,64796
2017,6,Samsung,56249
2017,7,Toyota,50291
2017,8,Facebook,48188
2017,9,Mercedes-Benz,47829
2017,10,IBM,46829
2017,11,General Electric,44208
2017,12,McDonald's,41533
2017,13,BMW,41521
2017,14,Disney,40772
2017,15,Intel,39459
2017,16,Cisco,31930
2017,17,Oracle,27466
2017,18,Nike,27021
2017,19,Louis Vuitton,22919
2017,20,Honda,22696
2017,21,SAP,22635
2017,22,Pepsi,20491
2017,23,H&M,20488
2017,24,ZARA,18573
2017,25,IKEA,18472
2017,26,Gillette,18200
2017,27,American Express,17787
2017,28,Pampers,16416
2017,29,UPS,16387
2017,30,J.P. Morgan,15749
2017,31,Budweiser,15375
2017,32,Hermes Paris,14210
2017,33,Ford,13643
2017,34,eBay,13224
2017,35,Hyundai ,13193
2017,36,Nescafé,12661
2017,37,Accenture,12471
2017,38,Audi,12023
2017,39,Nissan,11534
2017,40,VW (Volkswagen),11522
2017,41,Philips,11519
2017,42,AXA,11073
2017,43,Kellogg's,10972
2017,44,Goldman Sachs,10864
2017,45,L'Oréal,10674
2017,46,Citigroup,10599
2017,47,HSBC,10534
2017,48,Porsche,10129
2017,49,Allianz,10059
2017,50,Siemens,9982
2017,51,Gucci,9969
2017,52,Canon,9788
2017,53,HP,9541
2017,54,Danone,9322
2017,55,Adidas,9216
2017,56,Adobe,9060
2017,57,Hewlett Packard Enterprise,8951
2017,58,3M,8947
2017,59,Nestlé,8728
2017,60,Starbucks,8704
2017,61,Sony,8474
2017,62,Colgate,8325
2017,63,Morgan Stanley,8205
2017,64,Visa,7815
2017,65,Cartier,7547
2017,66,Thomson Reuters,7100
2017,67,Lego,7024
2017,68,Santander,6702
2017,69,KIA ,6681
2017,70,Huawei,6676
2017,71,MasterCard,6350
2017,72,FedEx ,6255
2017,73,Land Rover,6095
2017,74,Johnson and Johnson,6041
2017,75,Panasonic,5983
2017,76,DHL,5715
2017,77,Harley-Davidson,5671
2017,78,Netflix,5592
2017,79,Discovery Channel,5411
2017,80,PayPal,5408
2017,81,Tiffany & Co,5394
2017,82,Jack Daniel's,5332
2017,83,Kentucky Fried Chicken,5313
2017,84,Salesforce,5224
2017,85,Heineken,5181
2017,86,Burberry,5135
2017,87,MINI,5114
2017,88,Ferrari,4876
2017,89,Caterpillar,4888
2017,90,Sprite,4842
2017,91,Shell,4823
2017,92,Deere & Company,4783
2017,93,Corona,4776
2017,94,Prada,4716
2017,95,Dior,4587
2017,96,Johnnie Walker,4405
2017,97,Smirnoff,4288
2017,98,Tesla,4009
2017,99,Moët et Chandon,4006
2017,100,Lenovo,4004
2018,1,Apple,214480
2018,2,Google,155506
2018,3,Amazon,100764
2018,4,Microsoft,92715
2018,5,Coca-Cola,66341
2018,6,Samsung,59890
2018,7,Toyota,53404
2018,8,Mercedes-Benz,48601
2018,9,Facebook,45168
2018,10,McDonald's,43417
2018,11,Intel,43293
2018,12,IBM,42972
2018,13,BMW,41006
2018,14,Disney,39874
2018,15,Cisco,34575
2018,16,General Electric,32757
2018,17,Nike,30120
2018,18,Louis Vuitton,26152
2018,19,Oracle,26133
2018,20,Honda,23662
2018,21,SAP,22885
2018,22,Pepsi,20798
2018,23,Chanel,20005
2018,24,American Express,19139
2018,25,ZARA,17712
2018,26,J.P. Morgan,17567
2018,27,IKEA,17458
2018,28,Gillette,16864
2018,29,UPS,16849
2018,30,H&M,16826
2018,31,Pampers,16617
2018,32,Hermes Paris,16372
2018,33,Budweiser,15627
2018,34,Accenture,14214
2018,35,Ford,13995
2018,36,Hyundai ,13535
2018,37,Nescafé,13053
2018,38,eBay,13017
2018,39,Gucci,12942
2018,40,Nissan,12213
2018,41,VW (Volkswagen),12201
2018,42,Audi,12187
2018,43,Philips,12104
2018,44,Goldman Sachs,11769
2018,45,Citigroup,11577
2018,46,HSBC,11206
2018,47,AXA,11116
2018,48,L'Oréal,11102
2018,49,Allianz,10821
2018,50,Adidas,10772
2018,51,Adobe,10748
2018,52,Porsche,10707
2018,53,Kellogg's,10534
2018,54,HP,10433
2018,55,Canon,10380
2018,56,Siemens,10132
2018,57,Starbucks,9615
2018,58,Danone,9533
2018,59,Sony,9316
2018,60,3M,9104
2018,61,Visa,9021
2018,62,Nestlé,8938
2018,63,Morgan Stanley,8802
2018,64,Colgate,8659
2018,65,Hewlett Packard Enterprise,8157
2018,66,Netflix,8111
2018,67,Cartier,7646
2018,68,Huawei,7576
2018,69,Santander,7547
2018,70,MasterCard,7545
2018,71,KIA ,6925
2018,72,FedEx ,6990
2018,73,PayPal,6621
2018,74,Lego,6533
2018,75,Salesforce,6432
2018,76,Panasonic,6293
2018,77,Johnson and Johnson,6231
2018,78,Land Rover,6221
2018,79,DHL,5881
2018,80,Ferrari,5760
2018,81,Discovery Channel,5755
2018,82,Caterpillar,5730
2018,83,Tiffany & Co,5642
2018,84,Jack Daniel's,5641
2018,85,Corona,5517
2018,86,Kentucky Fried Chicken,5481
2018,87,Heineken,5393
2018,88,Deere & Company,5375
2018,89,Shell,5276
2018,90,MINI,5254
2018,91,Dior,5223
2018,92,Spotify,5176
2018,93,Harley-Davidson,5161
2018,94,Burberry,4989
2018,95,Prada,4812
2018,96,Sprite,4733
2018,97,Johnnie Walker,4731
2018,98,Hennessy,4722
2018,99,Nintendo,4696
2018,100,Subaru,4214
2019,1,Apple,234241
2019,2,Google,167713
2019,3,Amazon,125263
2019,4,Microsoft,108847
2019,5,Coca-Cola,63365
2019,6,Samsung,61098
2019,7,Toyota,56246
2019,8,Mercedes-Benz,50832
2019,9,McDonald's,45362
2019,10,Disney,44352
2019,11,BMW,41440
2019,12,IBM,40381
2019,13,Intel,40197
2019,14,Facebook,39857
2019,15,Cisco,35559
2019,16,Nike,32376
2019,17,Louis Vuitton,32223
2019,18,Oracle,26288
2019,19,General Electric,25566
2019,20,SAP,25092
2019,21,Honda,24422
2019,22,Chanel,22134
2019,23,American Express,21629
2019,24,Pepsi,20488
2019,25,J.P. Morgan,19044
2019,26,IKEA,18407
2019,27,UPS,18072
2019,28,Hermes Paris,17920
2019,29,ZARA,17175
2019,30,H&M,16345
2019,31,Accenture,16205
2019,32,Budweiser,16018
2019,33,Gucci,15949
2019,34,Pampers,15773
2019,35,Ford,14325
2019,36,Hyundai ,14156
2019,37,Gillette,13753
2019,38,Nescafé,13605
2019,39,Adobe,12937
2019,40,VW (Volkswagen),12921
2019,41,Citigroup,12697
2019,42,Audi,12689
2019,43,Allianz,12078
2019,44,eBay,12010
2019,45,Adidas,11992
2019,46,AXA,11830
2019,47,HSBC,11816
2019,48,Starbucks,11798
2019,49,Philips,11661
2019,50,Porsche,11652
2019,51,L'Oréal,11589
2019,52,Nissan,11502
2019,53,Goldman Sachs,11352
2019,54,HP,10891
2019,55,Visa,10756
2019,56,Sony,10514
2019,57,Kellogg's,10419
2019,58,Siemens,10259
2019,59,Danone,9915
2019,60,Nestlé,9534
2019,61,Canon,9482
2019,62,MasterCard,9430
2019,63,Dell Technologies,9086
2019,64,3M,9035
2019,65,Netflix,8963
2019,66,Colgate,8824
2019,67,Santander,8521
2019,68,Cartier,8192
2019,69,Morgan Stanley,8185
2019,70,Salesforce,8004
2019,71,Hewlett Packard Enterprise,7909
2019,72,PayPal,7604
2019,73,FedEx ,6998
2019,74,Huawei,6887
2019,75,Lego,6884
2019,76,Caterpillar,6791
2019,77,Ferrari,6458
2019,78,KIA ,6428
2019,79,Corona,6369
2019,80,Jack Daniel's,6347
2019,81,Panasonic,6189
2019,82,Dior,6045
2019,83,DHL,5987
2019,84,Deere & Company,5883
2019,85,Land Rover,5855
2019,86,Johnson and Johnson,5720
2019,87,UBER,5714
2019,88,Heineken,5626
2019,89,Nintendo,5550
2019,90,MINI,5532
2019,91,Discovery Channel,5525
2019,92,Spotify,5516
2019,93,Kentucky Fried Chicken,5509
2019,94,Tiffany & Co,5335
2019,95,Hennessy,5297
2019,96,Burberry,5205
2019,97,Shell,5105
2019,98,LinkedIn,4836
2019,99,Harley-Davidson,4793
2019,100,Prada,4781
2020,1,Apple,322999
2020,2,Amazon,200667
2020,3,Microsoft,166001
2020,4,Google,165444
2020,5,Samsung,62289
2020,6,Coca-Cola,56894
2020,7,Toyota,51595
2020,8,Mercedes-Benz,49268
2020,9,McDonald's,42816
2020,10,Disney,40773
2020,11,BMW,39756
2020,12,Intel,36971
2020,13,Facebook,35178
2020,14,IBM,34885
2020,15,Nike,34388
2020,16,Cisco,34119
2020,17,Louis Vuitton,31720
2020,18,SAP,28011
2020,19,Instagram,26060
2020,20,Honda,21694
2020,21,Chanel,21203
2020,22,J.P. Morgan,20220
2020,23,American Express,19458
2020,24,UPS,19161
2020,25,IKEA,18870
2020,26,Pepsi,18603
2020,27,Adobe,18206
2020,28,Hermes Paris,17961
2020,29,General Electric,17961
2020,30,YouTube,17328
2020,31,Accenture,16552
2020,32,Gucci,15675
2020,33,Budweiser,15606
2020,34,Pampers,15073
2020,35,ZARA,14862
2020,36,Hyundai ,14295
2020,37,H&M,14008
2020,38,Nescafé,13900
2020,39,Allianz,12935
2020,40,Tesla,12785
2020,41,Netflix,12665
2020,42,Ford,12568
2020,43,L'Oréal,12553
2020,44,Audi,12428
2020,45,Visa,12397
2020,46,eBay,12277
2020,47,VW (Volkswagen),12267
2020,48,AXA,12211
2020,49,Goldman Sachs,12129
2020,50,Adidas,12070
2020,51,Sony,12010
2020,52,Citigroup,11936
2020,53,Philips,11671
2020,54,Gillette,11578
2020,55,Porsche,11301
2020,56,Starbucks,11246
2020,57,MasterCard,11055
2020,58,Salesforce,10755
2020,59,Nissan,10553
2020,60,PayPal,10514
2020,61,Siemens,10512
2020,62,Danone,10340
2020,63,Nestlé,10252
2020,64,HSBC,10118
2020,65,HP,9740
2020,66,Kellogg's,9547
2020,67,3M,9409
2020,68,Colgate,9345
2020,69,Morgan Stanley,8865
2020,70,Spotify,8389
2020,71,Canon,8057
2020,72,Lego,7535
2020,73,Cartier,7494
2020,74,Santander,7474
2020,75,FedEx ,7367
2020,76,Nintendo,7296
2020,77,Hewlett Packard Enterprise,6654
2020,78,Corona,6563
2020,79,Ferrari,6379
2020,80,Huawei,6301
2020,81,DHL,6289
2020,82,Jack Daniel's,6288
2020,83,Dior,5988
2020,84,Caterpillar,5855
2020,85,Panasonic,5844
2020,86,KIA ,5830
2020,87,Johnson and Johnson,5764
2020,88,Heineken,5520
2020,89,Deere & Company,5367
2020,90,LinkedIn,5210
2020,91,Hennessy,5123
2020,92,Kentucky Fried Chicken,5111
2020,93,Land Rover,5077
2020,94,Tiffany & Co,4966
2020,95,MINI,4965
2020,96,UBER,4942
2020,97,Burberry,4809
2020,98,Johnnie Walker,4555
2020,99,Prada,4495
2020,100,Zoom,4481
2021,1,Apple,408251
2021,2,Amazon,249249
2021,3,Microsoft,210191
2021,4,Google,196811
2021,5,Samsung,74635
2021,6,Coca-Cola,57488
2021,7,Toyota,54107
2021,8,Mercedes-Benz,50866
2021,9,McDonald's,45865
2021,10,Disney,44183
2021,11,Nike,42538
2021,12,BMW,41631
2021,13,Louis Vuitton,36766
2021,14,Tesla,36270
2021,15,Facebook,36248
2021,16,Cisco,36228
2021,17,Intel,35761
2021,18,IBM,33257
2021,19,Instagram,32007
2021,20,SAP,30090
2021,21,Adobe,24832
2021,22,Chanel,22109
2021,23,Hermes Paris,21600
2021,24,J.P. Morgan,21401
2021,25,Honda,21315
2021,26,YouTube,20905
2021,27,IKEA,20034
2021,28,Pepsi,19431
2021,29,UPS,19377
2021,30,American Express,19075
2021,31,General Electric,18420
2021,32,Accenture,17758
2021,33,Gucci,16656
2021,34,Allianz,15174
2021,35,Hyundai ,15168
2021,36,Netflix,15036
2021,37,Budweiser,15022
2021,38,Salesforce,14770
2021,39,Visa,14741
2021,40,Nescafé,14466
2021,41,Sony,14445
2021,42,PayPal,14322
2021,43,H&M,14133
2021,44,Pampers,13912
2021,45,ZARA,13503
2021,46,Audi,13474
2021,47,VW (Volkswagen),13423
2021,48,AXA,13408
2021,49,Adidas,13381
2021,50,MasterCard,13065
2021,51,Starbucks,13010
2021,52,Ford,12861
2021,53,L'Oréal,12501
2021,54,Citigroup,12501
2021,55,Goldman Sachs,12491
2021,56,eBay,12285
2021,57,Philips,12088
2021,58,Porsche,11739
2021,59,Nissan,11131
2021,60,Siemens,11047
2021,61,Gillette,10657
2021,62,Nestlé,10646
2021,63,HP,10481
2021,64,HSBC,10317
2021,65,Danone,9846
2021,66,Spotify,9762
2021,67,3M,9702
2021,68,Colgate,9629
2021,69,Morgan Stanley,9380
2021,70,Nintendo,9197
2021,71,Lego,9082
2021,72,Kellogg's,8642
2021,73,Cartier,8161
2021,74,Santander,8100
2021,75,FedEx ,7548
2021,76,Ferrari,7160
2021,77,Dior,7024
2021,78,Corona,6952
2021,79,Canon,6897
2021,80,DHL,6747
2021,81,Jack Daniel's,6537
2021,82,Caterpillar,6503
2021,83,LinkedIn,6368
2021,84,Hewlett Packard Enterprise,6313
2021,85,Huawei,6196
2021,86,KIA ,6087
2021,87,Johnson and Johnson,5937
2021,88,Panasonic,5832
2021,89,Heineken,5720
2021,90,Deere & Company,5616
2021,91,Zoom,5536
2021,92,Tiffany & Co,5484
2021,93,Kentucky Fried Chicken,5428
2021,94,Prada,5416
2021,95,Hennessy,5299
2021,96,MINI,5231
2021,97,Burberry,5195
2021,98,Land Rover,5088
2021,99,UBER,4726
2021,100,Sephora,4628
